{"noiseKey":{"private":{"type":"Buffer","data":"4NWjfHqlbI5r2oe21dv/p/Q1X+zFEZdr6ay8Ival3Ek="},"public":{"type":"Buffer","data":"iB7joblLanYGCIrySntVtct5rhIjLvQHHhpfCITFN1c="}},"pairingEphemeralKeyPair":{"private":{"type":"Buffer","data":"4B0LTm2E7J0L30Uttdv8EcK6AwvAsDuyHP+dZ1tLl2g="},"public":{"type":"Buffer","data":"rbpZ/sYnpN0M72F4o1MldVTGbMmSQuJeg2ceXyNt9Uc="}},"signedIdentityKey":{"private":{"type":"Buffer","data":"CKbU71FSHuS8sJy8NUphkBpkLfH9+4xXxaTY8OANQ18="},"public":{"type":"Buffer","data":"uVO6DkYwFUQCV63dZFU2YEDSSni1zTSYmthVfkxcsmE="}},"signedPreKey":{"keyPair":{"private":{"type":"Buffer","data":"wPF8Ajmv0IbB4sSVh8Vr0VekjEod5B32k2GH/5r89HQ="},"public":{"type":"Buffer","data":"hW0N6OqeYjT2CJEc3DCr2Dls/hxaKvWjDNAA0x7ya3k="}},"signature":{"type":"Buffer","data":"fpx6n+ZHRnCXnY12T8ryhzlO1Axp9XhHBzuanepzUqwThhgbevs3QP7u2S1gSG5YtWcwFDMThbR/L2OA0GB5CA=="},"keyId":1},"registrationId":35,"advSecretKey":"CRhxMP8yBivXV2VZh6935/vq1pMemLhIqrTyda8DVt4=","processedHistoryMessages":[],"nextPreKeyId":31,"firstUnuploadedPreKeyId":31,"accountSyncCounter":0,"accountSettings":{"unarchiveChats":false},"deviceId":"ppZfN8c4RWyxjOWzilv94Q","phoneId":"099356ea-5eb1-48a2-b65c-fe9951ea2169","identityId":{"type":"Buffer","data":"sgnvnBXYlx/0DmmKKnF1hrIMQAI="},"registered":true,"backupToken":{"type":"Buffer","data":"Pu/KyO6h6Ux/PDRoT1V5mZvzUGE="},"registration":{},"pairingCode":"XWVNCY5T","me":{"id":"6285161710084:35@s.whatsapp.net","lid":"73809147240455:35@lid"},"account":{"details":"CJ+UxtMEEOvJk7MGGAMgACgA","accountSignatureKey":"W1M95smPYH8b1a+TLfJdqpm9d6QxFi3onCwH2AVXQRM=","accountSignature":"hVsevWr45l0vm/jsJx7ZZFSiYFRHKko1JqfVEtud3n60nqNfyWAGyqfgILQ0lyRGMC4UPcGbIoLLU5LZsxmnAQ==","deviceSignature":"282Ewi6A2AWZc30aN+Ln2/vZXZ+WmKDwRu4oZWGXkaFsCDcGnXQnDouH92EGT52vOnESGKBn5OKBKaI8/lUiBQ=="},"signalIdentities":[{"identifier":{"name":"6285161710084:35@s.whatsapp.net","deviceId":0},"identifierKey":{"type":"Buffer","data":"BVtTPebJj2B/G9Wvky3yXaqZvXekMRYt6JwsB9gFV0ET"}}],"platform":"android","routingInfo":{"type":"Buffer","data":"CAwIDQ=="},"lastAccountSyncTimestamp":1717888241,"lastPropHash":"3H9ELF","myAppStateKeyId":"AAAAACBD"}