{"_sessions":{"BVqVHs3MZEtR20TGGkAsaEnwik1vyw0wSCL7I2Atlj4b":{"registrationId":177982082,"currentRatchet":{"ephemeralKeyPair":{"pubKey":"BdmXHkfiwhMC0rRKu3lBC0ufWlPsnY57mH7zTVcpI0oG","privKey":"QOarVrm672Lp8lsqvgCsabLhTE15rtm4Ma/RSF/eQlk="},"lastRemoteEphemeralKey":"BemSGCoYTxW/au3N6G3/FSih1aSpNfdhBc/DWypGZsok","previousCounter":0,"rootKey":"zTKOrhp1/ttaH939m/owurB0r4X7HBverg41lz3WYEQ="},"indexInfo":{"baseKey":"BVqVHs3MZEtR20TGGkAsaEnwik1vyw0wSCL7I2Atlj4b","baseKeyType":2,"closed":-1,"used":1717888246800,"created":1717888246800,"remoteIdentityKey":"BVtTPebJj2B/G9Wvky3yXaqZvXekMRYt6JwsB9gFV0ET"},"_chains":{"BemSGCoYTxW/au3N6G3/FSih1aSpNfdhBc/DWypGZsok":{"chainKey":{"counter":2,"key":"Eu0s0U1WEXxu1nu91bYcLCovdWK+emEZmnyluejCzPw="},"chainType":2,"messageKeys":{}},"BdmXHkfiwhMC0rRKu3lBC0ufWlPsnY57mH7zTVcpI0oG":{"chainKey":{"counter":-1,"key":"3+N4MPlTkQH2TwRAll0d2Vs+QnD9aEA+3G9eThInROQ="},"chainType":1,"messageKeys":{}}}}},"version":"v1"}